{
  "timestamp": 1755312813.740681,
  "trades_collected": 114,
  "sanity_check": {
    "total_trades": 114,
    "unique_symbols": 29,
    "price_statistics": {
      "min": 5e-08,
      "max": 36373.51812242,
      "median": 0.08032312,
      "count": 114
    },
    "volume_statistics": {
      "min": 10000.0,
      "max": 2000000.0,
      "median": 50000.0,
      "count": 114
    },
    "sanity_checks": [
      "\u2705 Reasonable price: polygon:0x1a9221261dc445d773e66075b9e9e52f40e15ab1:AS/DAI @ $27.110582",
      "\u2705 Reasonable price: polygon:0x882df4b0fb50a229c3b4124eb18c759911485bfb:DAI/LGNS @ $0.080323",
      "\u2705 Reasonable price: polygon:0x882df4b0fb50a229c3b4124eb18c759911485bfb:DAI/LGNS @ $0.080323",
      "\u2705 Reasonable price: polygon:0xd12ba2a40289ed8728682447dc77d001f03675f9:MEN/USDT @ $0.002144",
      "\u2705 Reasonable price: polygon:0x882df4b0fb50a229c3b4124eb18c759911485bfb:DAI/LGNS @ $0.080323",
      "\u2705 Reasonable price: polygon:0x354789e7bbac6e3d3143a0457324cd80bd0be050:WETH/USDC @ $4446.945314",
      "\u2705 Reasonable price: polygon:0x882df4b0fb50a229c3b4124eb18c759911485bfb:DAI/LGNS @ $0.079842",
      "\u2705 Reasonable price: polygon:0x4e90479ed48620a1f18017b5ea6f96bc42bbb5ce:WETH/USDC @ $4452.362908",
      "\u2705 Reasonable price: polygon:0x8c26252b14f9b071585b81b240c4ae2176e8cd3c:WETH/USDC @ $4446.936748",
      "\u2705 Reasonable price: polygon:0x55ff76bffc3cdd9d5fdbbc2ece4528ecce45047e:WMATIC/USDT @ $0.233969",
      "\u2705 Reasonable price: polygon:0x8a4ceb4dffa238539c5d62ce424980e8fdb21ebc:WMATIC/USDC @ $0.234445",
      "\u2705 Reasonable price: polygon:0x622753917443b4c7e62ec7bd9933b2d16a7795e9:USDC/RADIO @ $4007.350708",
      "\u26a0\ufe0f  Very low price: polygon:0x13a62ac160ee6f4639e0f9c9baa5ce6f9adfd7e1:RADIO/WETH @ $0.00000005",
      "\u2705 Reasonable price: polygon:0x882df4b0fb50a229c3b4124eb18c759911485bfb:DAI/LGNS @ $0.079842",
      "\u2705 Reasonable price: polygon:0x882df4b0fb50a229c3b4124eb18c759911485bfb:DAI/LGNS @ $0.079842",
      "\u2705 Reasonable price: polygon:0x882df4b0fb50a229c3b4124eb18c759911485bfb:DAI/LGNS @ $0.079842",
      "\u2705 Reasonable price: polygon:0x882df4b0fb50a229c3b4124eb18c759911485bfb:DAI/LGNS @ $0.080323",
      "\u2705 Reasonable price: polygon:0x882df4b0fb50a229c3b4124eb18c759911485bfb:DAI/LGNS @ $0.080323",
      "\u2705 Reasonable price: polygon:0x882df4b0fb50a229c3b4124eb18c759911485bfb:DAI/LGNS @ $0.080323",
      "\u2705 Reasonable price: polygon:0x882df4b0fb50a229c3b4124eb18c759911485bfb:DAI/LGNS @ $0.079842",
      "\u2705 Reasonable price: polygon:0x882df4b0fb50a229c3b4124eb18c759911485bfb:DAI/LGNS @ $0.079842",
      "\u2705 Reasonable price: polygon:0x882df4b0fb50a229c3b4124eb18c759911485bfb:DAI/LGNS @ $0.080323",
      "\u2705 Reasonable price: polygon:0x882df4b0fb50a229c3b4124eb18c759911485bfb:DAI/LGNS @ $0.080323",
      "\u2705 Reasonable price: polygon:0x882df4b0fb50a229c3b4124eb18c759911485bfb:DAI/LGNS @ $0.080323",
      "\u2705 Reasonable price: polygon:0x30890d1a43e74edbfb2340fdaeb5b49dfd7f3360:WETH/USDC @ $4451.688410",
      "\u2705 Reasonable price: polygon:0x882df4b0fb50a229c3b4124eb18c759911485bfb:DAI/LGNS @ $0.080323",
      "\u2705 Reasonable price: polygon:0x882df4b0fb50a229c3b4124eb18c759911485bfb:DAI/LGNS @ $0.080323",
      "\u2705 Reasonable price: polygon:0x882df4b0fb50a229c3b4124eb18c759911485bfb:DAI/LGNS @ $0.080323",
      "\u2705 Reasonable price: polygon:0xbcd3a771e3d0368f49bebf130521c25613aea363:BTTP/USDL @ $17.146760",
      "\u2705 Reasonable price: polygon:0xc48ae82ca34c63887b975f20aba91a38f2a900b8:WETH/MANA @ $15324.883006",
      "\u2705 Reasonable price: polygon:0x882df4b0fb50a229c3b4124eb18c759911485bfb:DAI/LGNS @ $0.079842",
      "\u2705 Reasonable price: polygon:0x16580ec9574d4bdb202503e7dd8320786e2e04ce:WETH/USDT @ $4445.589766",
      "\u2705 Reasonable price: polygon:0xf6422b997c7f54d1c6a6e103bcb1499eea0a7046:WETH/USDT @ $4438.445660",
      "\u2705 Reasonable price: polygon:0x50a2f06201ee5a171f9a43031b1a3d0cf424f5f1:USDC/PRPS @ $18.622168",
      "\u2705 Reasonable price: polygon:0x882df4b0fb50a229c3b4124eb18c759911485bfb:DAI/LGNS @ $0.079842",
      "\u2705 Reasonable price: polygon:0x882df4b0fb50a229c3b4124eb18c759911485bfb:DAI/LGNS @ $0.079842",
      "\u2705 Reasonable price: polygon:0x882df4b0fb50a229c3b4124eb18c759911485bfb:DAI/LGNS @ $0.079842",
      "\u2705 Reasonable price: polygon:0xd1bb165d4d611a38e8dfe1f332acf2b6fe250302:USDC/YAPP @ $36373.518122",
      "\u2705 Reasonable price: polygon:0x882df4b0fb50a229c3b4124eb18c759911485bfb:DAI/LGNS @ $0.079842",
      "\u2705 Reasonable price: polygon:0x55ff76bffc3cdd9d5fdbbc2ece4528ecce45047e:WMATIC/USDT @ $0.232249",
      "\u2705 Reasonable price: polygon:0x6d9e8dbb2779853db00418d4dcf96f3987cfc9d2:WMATIC/USDC @ $0.191876",
      "\u2705 Reasonable price: polygon:0x55ff76bffc3cdd9d5fdbbc2ece4528ecce45047e:WMATIC/USDT @ $0.233728",
      "\u2705 Reasonable price: polygon:0x8ae32e2c777f0a4737e1949aa2cd79714dea0326:GLD/PLT @ $0.998188",
      "\u2705 Reasonable price: polygon:0x604229c960e5cacf2aaeac8be68ac07ba9df81c3:WMATIC/USDT @ $0.233115",
      "\u2705 Reasonable price: polygon:0x882df4b0fb50a229c3b4124eb18c759911485bfb:DAI/LGNS @ $0.080323",
      "\u2705 Reasonable price: polygon:0x882df4b0fb50a229c3b4124eb18c759911485bfb:DAI/LGNS @ $0.080323",
      "\u2705 Reasonable price: polygon:0x882df4b0fb50a229c3b4124eb18c759911485bfb:DAI/LGNS @ $0.080323",
      "\u2705 Reasonable price: polygon:0x882df4b0fb50a229c3b4124eb18c759911485bfb:DAI/LGNS @ $0.080323",
      "\u2705 Reasonable price: polygon:0x882df4b0fb50a229c3b4124eb18c759911485bfb:DAI/LGNS @ $0.080323",
      "\u2705 Reasonable price: polygon:0x882df4b0fb50a229c3b4124eb18c759911485bfb:DAI/LGNS @ $0.079842",
      "\u2705 Reasonable price: polygon:0x882df4b0fb50a229c3b4124eb18c759911485bfb:DAI/LGNS @ $0.080323",
      "\u2705 Reasonable price: polygon:0x882df4b0fb50a229c3b4124eb18c759911485bfb:DAI/LGNS @ $0.080323",
      "\u2705 Reasonable price: polygon:0x882df4b0fb50a229c3b4124eb18c759911485bfb:DAI/LGNS @ $0.080323",
      "\u2705 Reasonable price: polygon:0x882df4b0fb50a229c3b4124eb18c759911485bfb:DAI/LGNS @ $0.080323",
      "\u2705 Reasonable price: polygon:0x882df4b0fb50a229c3b4124eb18c759911485bfb:DAI/LGNS @ $0.079842",
      "\u2705 Reasonable price: polygon:0x1a9221261dc445d773e66075b9e9e52f40e15ab1:AS/DAI @ $27.111125",
      "\u2705 Reasonable price: polygon:0x882df4b0fb50a229c3b4124eb18c759911485bfb:DAI/LGNS @ $0.079842",
      "\u2705 Reasonable price: polygon:0x882df4b0fb50a229c3b4124eb18c759911485bfb:DAI/LGNS @ $0.080323",
      "\u2705 Reasonable price: polygon:0x882df4b0fb50a229c3b4124eb18c759911485bfb:DAI/LGNS @ $0.080323",
      "\u2705 Reasonable price: polygon:0x882df4b0fb50a229c3b4124eb18c759911485bfb:DAI/LGNS @ $0.080323",
      "\u2705 Reasonable price: polygon:0x882df4b0fb50a229c3b4124eb18c759911485bfb:DAI/LGNS @ $0.079842",
      "\u2705 Reasonable price: polygon:0x882df4b0fb50a229c3b4124eb18c759911485bfb:DAI/LGNS @ $0.079842",
      "\u2705 Reasonable price: polygon:0x882df4b0fb50a229c3b4124eb18c759911485bfb:DAI/LGNS @ $0.080322",
      "\u2705 Reasonable price: polygon:0x882df4b0fb50a229c3b4124eb18c759911485bfb:DAI/LGNS @ $0.080322",
      "\u2705 Reasonable price: polygon:0x882df4b0fb50a229c3b4124eb18c759911485bfb:DAI/LGNS @ $0.080322",
      "\u2705 Reasonable price: polygon:0x882df4b0fb50a229c3b4124eb18c759911485bfb:DAI/LGNS @ $0.080323",
      "\u2705 Reasonable price: polygon:0x882df4b0fb50a229c3b4124eb18c759911485bfb:DAI/LGNS @ $0.080323",
      "\u2705 Reasonable price: polygon:0x882df4b0fb50a229c3b4124eb18c759911485bfb:DAI/LGNS @ $0.080323",
      "\u2705 Reasonable price: polygon:0x882df4b0fb50a229c3b4124eb18c759911485bfb:DAI/LGNS @ $0.079841",
      "\u2705 Reasonable price: polygon:0x5e58e0ced3a272caeb8ba00f4a4c2805df6be495:WMATIC/USDC @ $0.234510",
